sample,dataset,sample_n,Site,Watershed,site_description,Month,season,season_n,season_tb,tt_hr,q_daily_cms,monthly_end_member
WROL2019_001,WROL,1,EAS-ROC,Gunnison,Gunnison,8,Summer,3,Summer,1.362010423,0.088205359,
WROL2019_002,WROL,2,EAS-RUS,Gunnison,Gunnison,8,Summer,3,Summer,3.978222262,0.625026404,
WROL2019_003,WROL,3,EAS-BRA,Gunnison,Gunnison,8,Summer,3,Summer,1.309562334,0.066143703,
WROL2019_004,WROL,4,TAY-TAY,Gunnison,Gunnison,8,Summer,3,Summer,16.13118603,3.17184,
WROL2019_005,WROL,5,TAY-RES,Gunnison,Gunnison,8,Summer,3,Summer,10867.11463,11.29968,
WROL2019_006,WROL,6,EAS-PUM,Gunnison,Gunnison,8,Summer,3,Summer,11.71592212,1.639672922,
WROL2019_007,WROL,7,EAS-ALM,Gunnison,Gunnison,8,Summer,3,Summer,28.02879015,8.24112,
WROL2019_008,WROL,8,GUN-GUN,Gunnison,Gunnison,8,Summer,3,Summer,3379.09085,25.17648,
WROL2019_009,WROL,9,GUN-R32,Gunnison,Gunnison,8,Summer,3,Summer,1646.4025,30.0192,
WROL2019_010,WROL,10,GUN-TUN,Gunnison,Gunnison,8,Summer,3,Summer,5812.244383,28.8864,
WROL2019_011,WROL,11,GUN-GRJ,Gunnison,Gunnison,8,Summer,3,Summer,3297.556283,48.9936,monthly
WROL2019_012,WROL,12,HJA-WS2,Willamette,Willamette,9,Fall,4,Summer,1.001863151,0.000910724,
WROL2019_013,WROL,13,LOO-BLU,Willamette,Willamette,9,Fall,4,Summer,3.281202644,0.2030544,
WROL2019_014,WROL,14,HJA-WS1,Willamette,Willamette,9,Fall,4,Summer,1.00034366,0.000358504,
WROL2019_015,WROL,15,BLU-TID,Willamette,Willamette,9,Fall,4,Summer,8.740677086,0.55159734,
WROL2019_016,WROL,16,BLU-BLU,Willamette,Willamette,9,Fall,4,Summer,2968.096387,16.62384,
WROL2019_017,WROL,17,MCK-WAL,Willamette,Willamette,9,Fall,4,Summer,1296.781968,40.2144,
WROL2019_018,WROL,18,WIL-JAS,Willamette,Willamette,9,Fall,4,Summer,2004.222406,63.4368,
WROL2019_019,WROL,19,WIL-GOS,Willamette,Willamette,9,Fall,4,Summer,1442.971526,14.13168,
WROL2019_020,WROL,20,WIL-HAR,Willamette,Willamette,9,Fall,4,Summer,1558.662617,144.1488,
WROL2019_021,WROL,21,WIL-COR,Willamette,Willamette,9,Fall,4,Summer,1413.11963,149.2464,
WROL2019_022,WROL,22,WIL-POR,Willamette,Willamette,9,Fall,4,Summer,1377.864258,177.2832,monthly
WROL2019_023,WROL,23,WIL-HAR,Willamette,Willamette,1,Winter,1,Winter,1546.366273,640.032,
WROL2019_024,WROL,24,DES-LAP,Deschutes,Deschutes,9,Fall,4,Summer,24.21272167,3.48336,
WROL2019_025,WROL,25,CUL-LAP,Deschutes,Deschutes,9,Fall,4,Summer,6.45830809,1.608576,
WROL2019_026,WROL,26,BRO-LAP,Deschutes,Deschutes,9,Fall,4,Summer,8.354017596,0.719328,
WROL2019_029,WROL,29,DES-BFA,Deschutes,Deschutes,9,Fall,4,Summer,1695.814168,44.4624,
WROL2019_030,WROL,30,DES-MAD,Deschutes,Deschutes,9,Fall,4,Summer,3647.18935,109.8816,
WROL2019_033,WROL,33,DES-MOO,Deschutes,Deschutes,9,Fall,4,Summer,2930.712499,127.44,monthly
WROL2019_034,WROL,34,DES-MOO Oct 2019,Deschutes,Deschutes,10,Fall,4,Fall,2930.014788,131.9712,monthly
WROL2019_035,WROL,35,WIL-POR Oct 2019,Willamette,Willamette,10,Fall,4,Fall,1373.252903,233.64,monthly
WROL2019_036,WROL,36,WIL-POR Nov 2019,Willamette,Willamette,11,Fall,4,Fall,1368.18034,320.016,monthly
WROL2019_037,WROL,37,DES-MOO Nov 2019,Deschutes,Deschutes,11,Fall,4,Fall,2929.675924,134.2368,monthly
WROL2019_042,WROL,42,CUL-LAP,Deschutes,Deschutes,11,Fall,4,Fall,6.637796703,1.280064,
WROL2019_043,WROL,43,BRO-LAP,Deschutes,Deschutes,11,Fall,4,Fall,8.369945509,0.708,
WROL2019_044,WROL,44,DES-WIC,Deschutes,Deschutes,11,Fall,4,Fall,3736.848555,3.05856,
WROL2019_045,WROL,45,LDS-LAP,Deschutes,Deschutes,11,Fall,4,Fall,1062.860069,1.93992,
WROL2019_046,WROL,46,DES-BFA,Deschutes,Deschutes,11,Fall,4,Fall,1703.329445,14.10336,
WROL2019_048,WROL,48,DES-MAD,Deschutes,Deschutes,11,Fall,4,Fall,3646.616561,114.696,
WROL2019_049,WROL,49,TRO-GAT,Deschutes,Deschutes,11,Fall,4,Fall,59.73336248,0.300192,
WROL2019_050,WROL,50,DES-MOO,Deschutes,Deschutes,11,Fall,4,Fall,2930.186672,130.8384,monthly
WROL2019_051,WROL,51,HJA-WS1,Willamette,Willamette,12,Winter,1,Fall,1.006367473,0.002788812,
WROL2019_052,WROL,52,HJA-WS2,Willamette,Willamette,12,Winter,1,Fall,1.003690686,0.002223808,
WROL2019_053,WROL,53,BLU-TID,Willamette,Willamette,12,Winter,1,Fall,7.806868333,1.414242899,
WROL2019_054,WROL,54,LOO-BLU,Willamette,Willamette,12,Winter,1,Fall,4.396441643,0.50976,
WROL2019_055,WROL,55,BLU-BLU,Willamette,Willamette,12,Winter,1,Fall,2970.162157,1.665216,
WROL2019_056,WROL,56,MCK-WAL,Willamette,Willamette,12,Winter,1,Fall,1299.005491,30.0192,
WROL2019_057,WROL,57,WIL-GOS,Willamette,Willamette,12,Winter,1,Fall,1448.112645,5.664,
WROL2019_058,WROL,58,WIL-JAS,Willamette,Willamette,12,Winter,1,Fall,2006.278624,45.0288,
WROL2019_059,WROL,59,WIL-HAR,Willamette,Willamette,12,Winter,1,Fall,1561.667805,103.9344,
WROL2019_060,WROL,60,WIL-COR,Willamette,Willamette,12,Winter,1,Fall,1416.196337,113.5632,
WROL2019_061,WROL,61,WIL-POR,Willamette,Willamette,12,Winter,1,Fall,1374.262672,219.7632,monthly
WROL2019_062,WROL,62,DES-MOO Dec 2019,Deschutes,Deschutes,12,Winter,1,Fall,2929.057484,138.4848,monthly
WROL2019_063,WROL,63,WIL-POR Dec 2019,Willamette,Willamette,12,Winter,1,Fall,1358.116061,620.208,monthly
WROL2019_064,WROL,64,WIL-GOS,Willamette,Willamette,1,Winter,1,Winter,1433.182769,112.9968,
WROL2019_065,WROL,65,WIL-JAS,Willamette,Willamette,1,Winter,1,Winter,1998.840291,167.3712,
WROL2019_066,WROL,66,HJA-WS2,Willamette,Willamette,1,Winter,1,Winter,1.093918445,0.151096374,
WROL2019_067,WROL,67,HJA-WS1,Willamette,Willamette,1,Winter,1,Winter,1.183851258,0.225129978,
WROL2019_068,WROL,68,BLU-TID,Willamette,Willamette,1,Winter,1,Winter,5.649938669,20.9314839,
WROL2019_069,WROL,69,LOO-BLU,Willamette,Willamette,1,Winter,1,Winter,10.37971288,9.23232,
WROL2019_070,WROL,70,BLU-BLU,Willamette,Willamette,1,Winter,1,Winter,2967.442973,40.2144,
WROL2019_071,WROL,71,MCK-WAL,Willamette,Willamette,1,Winter,1,Winter,1286.364236,184.9296,
WROL2019_072,WROL,72,WIL-COR,Willamette,Willamette,1,Winter,1,Winter,1397.921591,668.352,
WROL2019_073,WROL,73,WIL-POR,Willamette,Willamette,1,Winter,1,Winter,1338.995312,2574.288,monthly
WROL2019_074,WROL,74,DES-LAP,Deschutes,Deschutes,2,Winter,1,Winter,25.41251249,2.327904,
WROL2019_075,WROL,75,CUL-LAP,Deschutes,Deschutes,2,Winter,1,Winter,6.786065042,1.064832,
WROL2019_076,WROL,76,BRO-LAP,Deschutes,Deschutes,2,Winter,1,Winter,8.499330357,0.62304,
WROL2019_077,WROL,77,DES-WIC,Deschutes,Deschutes,2,Winter,1,Winter,3736.91724,3.00192,
WROL2019_078,WROL,78,LDS-LAP,Deschutes,Deschutes,2,Winter,1,Winter,1060.314575,2.832,
WROL2019_079,WROL,79,DES-BFA,Deschutes,Deschutes,2,Winter,1,Winter,1702.177025,16.65216,
WROL2019_080,WROL,80,WHY-SIS,Deschutes,Deschutes,2,Winter,1,Winter,19.86116563,1.8408,
WROL2019_081,WROL,81,DES-MAD,Deschutes,Deschutes,2,Winter,1,Winter,3645.309707,126.5904,
WROL2019_082,WROL,82,TRO-GAT,Deschutes,Deschutes,2,Winter,1,Winter,53.51359919,0.75048,
WROL2019_083,WROL,83,DES-MOO,Deschutes,Deschutes,2,Winter,1,Winter,2922.23703,196.824,monthly
WROL2019_084,WROL,84,DES-MOO,Deschutes,Deschutes,10,Fall,10,Fall,2932.684839,115.5456,
WROL2019_085,WROL,85,DES-MOO Mar 2020,Deschutes,Deschutes,3,Spring,2,Winter,2928.936346,139.3344,monthly
WROL2019_086,WROL,86,WIL-POR Mar 2020,Willamette,Willamette,3,Spring,2,Winter,1362.142796,472.944,monthly
WROL2019_097,WROL,97,CT-UNIO,Connecticut,Connecticut,6,Summer,3,Summer,6367.168489,8.86416,
WROL2019_098,WROL,98,CT-PHEL,Connecticut,Connecticut,6,Summer,3,Summer,2.765008583,2.103228488,
WROL2019_099,WROL,99,CT-BUNN,Connecticut,Connecticut,6,Summer,3,Summer,2.477357428,0.0909072,
WROL2019_100,WROL,100,CT-THOM,Connecticut,Connecticut,6,Summer,3,Summer,28300.71713,245.5344,monthly
WROL2019_1001,WROL,1001,EAS-ROC,Gunnison,Gunnison,10,Fall,4,Fall,1.234425865,0.048046144,
WROL2019_1002,WROL,1002,EAS-RUS,Gunnison,Gunnison,10,Fall,4,Fall,1.850713026,0.073169985,
WROL2019_1003,WROL,1003,EAS-PUM,Gunnison,Gunnison,10,Fall,4,Fall,7.598196956,0.448260411,
WROL2019_1004,WROL,1004,EAS-BRA,Gunnison,Gunnison,10,Fall,4,Fall,1.212724777,0.039191327,
WROL2019_101,WROL,101,CT-FARM,Connecticut,Connecticut,6,Summer,3,Summer,4803.220816,15.60432,
WROL2019_102,WROL,102,CT-STIL,Connecticut,Connecticut,6,Summer,3,Summer,3512.512568,1.10448,
WROL2019_103,WROL,103,WIL-POR Apr 2020,Willamette,Willamette,4,Spring,2,Spring,1349.691378,1127.136,monthly
WROL2019_104,WROL,104,DES-MOO Apr 2020,Deschutes,Deschutes,4,Spring,2,Spring,2929.634017,134.52,monthly
WROL2019_105,WROL,105,WIL-JAS,Willamette,Willamette,4,Spring,2,Spring,2005.660372,49.8432,
WROL2019_106,WROL,106,HJA-WS1,Willamette,Willamette,4,Spring,2,Spring,1.015177426,0.008656333,
WROL2019_107,WROL,107,MCK-WAL,Willamette,Willamette,4,Spring,2,Spring,1293.467531,63.4368,
WROL2019_108,WROL,108,WIL-POR,Willamette,Willamette,4,Spring,2,Spring,1360.131763,540.912,monthly
WROL2019_109,WROL,109,HJA-WS2,Willamette,Willamette,4,Spring,2,Spring,1.010986401,0.009231258,
WROL2019_110,WROL,110,LOO-BLU,Willamette,Willamette,4,Spring,2,Spring,7.482794659,2.94528,
WROL2019_111,WROL,111,WIL-HAR,Willamette,Willamette,4,Spring,2,Spring,1556.345136,187.1952,
WROL2019_112,WROL,112,WIL-GOS,Willamette,Willamette,4,Spring,2,Spring,1442.632137,15.06624,
WROL2019_113,WROL,113,BLU-BLU,Willamette,Willamette,4,Spring,2,Spring,2970.17802,1.639728,
WROL2019_114,WROL,114,WIL-COR,Willamette,Willamette,4,Spring,2,Spring,1410.244725,194.2752,
WROL2019_115,WROL,115,BLU-TID,Willamette,Willamette,4,Spring,2,Spring,6.800082805,4.469025032,
WROL2019_116,WROL,116,DES-LAP,Deschutes,Deschutes,5,Spring,2,Spring,25.7940673,2.056032,
WROL2019_117,WROL,117,CUL-LAP,Deschutes,Deschutes,5,Spring,2,Spring,6.754284478,1.107312,
WROL2019_118,WROL,118,BRO-LAP,Deschutes,Deschutes,5,Spring,2,Spring,8.677903657,0.52392,
WROL2019_119,WROL,119,DES-WIC,Deschutes,Deschutes,5,Spring,2,Spring,3729.596641,29.1696,
WROL2019_120,WROL,120,LDS-LAP,Deschutes,Deschutes,5,Spring,2,Spring,1054.468491,7.24992,
WROL2019_121,WROL,121,CT-SLPR,Connecticut,Connecticut,3,Spring,2,Winter,8.659946485,3.22848,
WROL2019_122,WROL,122,CT-POPE,Connecticut,Connecticut,3,Spring,2,Winter,4.449242436,0.478608,
WROL2019_123,WROL,123,CT-W9,Connecticut,Connecticut,3,Spring,2,Winter,1.115793647,1.075109516,
WROL2019_124,WROL,124,CT-EBRA,Connecticut,Connecticut,3,Spring,2,Winter,15.9941808,7.08,
WROL2019_125,WROL,125,CT-PASS,Connecticut,Connecticut,3,Spring,2,Winter,25.58246883,53.808,
WROL2019_126,WROL,126,CT-MOOS,Connecticut,Connecticut,3,Spring,2,Winter,25.00509972,14.13168,
WROL2019_128,WROL,128,CT-THOM,Connecticut,Connecticut,3,Spring,2,Winter,28282.64939,866.592,monthly
WROL2019_130,WROL,130,CT-STIL,Connecticut,Connecticut,3,Spring,2,Winter,3510.27523,7.05168,
WROL2019_134,WROL,134,CT-BUNN,Connecticut,Connecticut,3,Spring,2,Winter,3.546241104,0.242136,
WROL2019_135,WROL,135,CT-PASS,Connecticut,Connecticut,6,Summer,3,Summer,30.32136684,13.05552,
WROL2019_136,WROL,136,CT-SLPR,Connecticut,Connecticut,6,Summer,3,Summer,10.23164797,0.804288,
WROL2019_137,WROL,137,CT-MOOS,Connecticut,Connecticut,6,Summer,3,Summer,31.61870598,1.999392,
WROL2019_138,WROL,138,CT-EBRA,Connecticut,Connecticut,6,Summer,3,Summer,18.41909453,2.183472,
WROL2019_139,WROL,139,CT-POPE,Connecticut,Connecticut,6,Summer,3,Summer,2.509802642,0.101952,
WROL2019_140,WROL,140,CT-W9,Connecticut,Connecticut,6,Summer,3,Summer,1.049253708,1.028826777,
WROL2019_145,WROL,145,DES-BFA,Deschutes,Deschutes,5,Spring,2,Spring,1696.259534,41.3472,
WROL2019_146,WROL,146,WHY-SIS,Deschutes,Deschutes,5,Spring,2,Spring,20.90597531,1.200768,
WROL2019_147,WROL,147,DES-MAD,Deschutes,Deschutes,5,Spring,2,Spring,3647.433427,107.8992,
WROL2019_148,WROL,148,TRO-GAT,Deschutes,Deschutes,5,Spring,2,Spring,54.84274906,0.611712,
WROL2019_149,WROL,149,DES-MOO,Deschutes,Deschutes,5,Spring,2,Spring,2929.261242,137.0688,monthly
WROL2019_150,WROL,150,WIL-POR Jun 2020,Willamette,Willamette,6,Summer,3,Summer,1358.591738,600.384,monthly
WROL2019_151,WROL,151,DES-MOO Jun 2020,Deschutes,Deschutes,6,Summer,3,Summer,2930.936247,126.024,monthly
WROL2019_152,WROL,152,DES-MOO Jul 2020,Deschutes,Deschutes,7,Summer,3,Summer,2932.884451,114.4128,monthly
WROL2019_153,WROL,153,WIL-POR Jul 2020,Willamette,Willamette,7,Summer,3,Summer,1375.907652,199.0896,monthly
WROL2019_154,WROL,154,DES-MOO Sep 2020,Deschutes,Deschutes,9,Fall,4,Summer,2932.884451,114.4128,monthly
WROL2019_155,WROL,155,WIL-POR Sep 2020,Willamette,Willamette,9,Fall,4,Summer,1375.118806,208.7184,monthly
WROL2019_162,WROL,162,CT-EBRA,Connecticut,Connecticut,8,Summer,3,Summer,20.39356396,0.93456,
WROL2019_164,WROL,164,CT-POPE,Connecticut,Connecticut,8,Summer,3,Summer,1.724717251,0.029736,
WROL2019_165,WROL,165,CT-W9,Connecticut,Connecticut,8,Summer,3,Summer,1.013016508,1.006417071,
WROL2019_166,WROL,166,CT-PASS,Connecticut,Connecticut,8,Summer,3,Summer,34.15335344,4.84272,
WROL2019_167,WROL,167,CT-UNIO,Connecticut,Connecticut,8,Summer,3,Summer,6371.400841,3.05856,
WROL2019_168,WROL,168,CT-PHEL,Connecticut,Connecticut,8,Summer,3,Summer,2.765008583,2.103228488,
WROL2019_169,WROL,169,CT-BUNN,Connecticut,Connecticut,8,Summer,3,Summer,1.705751145,0.0263376,
WROL2019_170,WROL,170,CT-NEPA,Connecticut,Connecticut,8,Summer,3,Summer,5.044340825,0.1112976,
WROL2019_171,WROL,171,CT-STIL,Connecticut,Connecticut,8,Summer,3,Summer,3513.845511,0.433296,
WROL2019_172,WROL,172,CT-THOM,Connecticut,Connecticut,8,Summer,3,Summer,28316.52807,93.456,monthly
WROL2019_173,WROL,173,CT-FARM,Connecticut,Connecticut,8,Summer,3,Summer,4808.905563,6.99504,
WROL2019_174,WROL,174,CT-MOOS,Connecticut,Connecticut,11,Fall,4,Fall,28.31677984,5.01264,
WROL2019_175,WROL,175,CT-PASS,Connecticut,Connecticut,11,Fall,4,Fall,27.08738278,33.4176,
WROL2019_176,WROL,176,CT-W9,Connecticut,Connecticut,11,Fall,4,Fall,1.097538851,1.062018884,
WROL2019_177,WROL,177,CT-POPE,Connecticut,Connecticut,11,Fall,4,Fall,3.067212785,0.1775664,
WROL2019_178,WROL,178,CT-THOM,Connecticut,Connecticut,11,Fall,4,Fall,28292.62337,421.968,monthly
WROL2019_179,WROL,179,CT-FARM,Connecticut,Connecticut,11,Fall,4,Fall,4803.560958,14.83968,
WROL2019_180,WROL,180,CT-STIL,Connecticut,Connecticut,11,Fall,4,Fall,3511.157809,3.22848,
WROL2019_181,WROL,181,CT-UNIO,Connecticut,Connecticut,11,Fall,4,Fall,6367.005748,9.26064,
WROL2019_182,WROL,182,CT-NEPA,Connecticut,Connecticut,11,Fall,4,Fall,7.573914382,0.359664,
WROL2019_183,WROL,183,CT-EBRA,Connecticut,Connecticut,11,Fall,4,Fall,16.81189732,4.6728,
WROL2019_184,WROL,184,CT-SLPR,Connecticut,Connecticut,11,Fall,4,Fall,9.098926486,2.13816,
WROL2019_185,WROL,185,CT-PHEL,Connecticut,Connecticut,11,Fall,4,Fall,2.765008583,2.103228488,
WROL2019_186,WROL,186,CT-BUNN,Connecticut,Connecticut,11,Fall,4,Fall,2.902994438,0.1416,
WROL2019_188,WROL,188,GUN-R32,Gunnison,Gunnison,2,Winter,1,Winter,1653.874478,9.26064,
WROL2019_189,WROL,189,EAS-ALM,Gunnison,Gunnison,2,Winter,1,Winter,33.74306341,1.75584,
WROL2019_190,WROL,190,EAS-RUS,Gunnison,Gunnison,2,Winter,1,Winter,1.52548547,0.036123083,
WROL2019_192,WROL,192,EAS-PUM,Gunnison,Gunnison,2,Winter,1,Winter,7.015940735,0.356503219,
WROL2019_193,WROL,193,EAS-ROC,Gunnison,Gunnison,2,Winter,1,Winter,1.209772808,0.041156682,
WROL2019_194,WROL,194,TAY-RES,Gunnison,Gunnison,2,Winter,1,Winter,10869.74142,2.77536,
WROL2019_195,WROL,195,GUN-GUN,Gunnison,Gunnison,2,Winter,1,Winter,3385.753636,6.6552,
WROL2019_209,WROL,209,GUN-TUN,Gunnison,Gunnison,10,Fall,4,Fall,5819.649746,12.036,
WROL2019_210,WROL,210,GUN-R32,Gunnison,Gunnison,10,Fall,4,Fall,1652.755656,10.93152,
WROL2019_211,WROL,211,TAY-TAY,Gunnison,Gunnison,10,Fall,4,Fall,17.43868602,1.65672,
WROL2019_212,WROL,212,GUN-GUN,Gunnison,Gunnison,10,Fall,4,Fall,3384.628494,8.2128,
WROL2019_213,WROL,213,GUN-GRJ,Gunnison,Gunnison,10,Fall,4,Fall,3296.905491,51.2592,monthly
WROL2019_215,WROL,215,TAY-RES,Gunnison,Gunnison,10,Fall,4,Fall,10869.1026,3.8232,
WROL2019_216,WROL,216,EAS-ALM,Gunnison,Gunnison,10,Fall,4,Fall,32.84134904,2.200464,
RC2_0200,YRB,200,T06,Yakima,American River,3,Spring,2,Winter,19.42977369,7.75968,
RC2_0206,YRB,206,T06,Yakima,American River,4,Spring,2,Spring,19.40440084,7.84464,
RC2_0001,YRB,1,T06,Yakima,American River,4,Spring,2,Spring,17.9185943,15.23616,
RC2_0007,YRB,7,T06,Yakima,American River,4,Spring,2,Spring,18.20223721,13.36704,
RC2_0013,YRB,13,T06,Yakima,American River,5,Spring,2,Spring,17.52301404,18.35136,
RC2_0019,YRB,19,T06,Yakima,American River,5,Spring,2,Spring,17.72490737,16.68048,
RC2_0025,YRB,25,T06,Yakima,American River,5,Spring,2,Spring,17.62297368,17.50176,
RC2_0031,YRB,31,T06,Yakima,American River,5,Spring,2,Spring,17.75768919,16.4256,
RC2_0037,YRB,37,T06,Yakima,American River,6,Summer,3,Summer,16.39186605,32.0016,
RC2_0043,YRB,43,T06,Yakima,American River,6,Summer,3,Summer,18.62961404,11.01648,
RC2_0050,YRB,50,T06,Yakima,American River,6,Summer,3,Summer,18.16556295,13.5936,
RC2_0055,YRB,55,T06,Yakima,American River,6,Summer,3,Summer,18.09422592,14.04672,
RC2_0061,YRB,61,T06,Yakima,American River,7,Summer,3,Summer,20.72542341,4.5312,
RC2_0067,YRB,67,T06,Yakima,American River,7,Summer,3,Summer,21.63174959,3.17184,
RC2_0078,YRB,78,T06,Yakima,American River,7,Summer,3,Summer,22.14844652,2.60544,
RC2_0079,YRB,79,T06,Yakima,American River,7,Summer,3,Summer,22.64072644,2.169312,
RC2_0085,YRB,85,T06,Yakima,American River,8,Summer,3,Summer,23.24064218,1.744512,
RC2_0091,YRB,91,T06,Yakima,American River,8,Summer,3,Summer,23.51807147,1.580256,
RC2_0101,YRB,101,T06,Yakima,American River,9,Fall,4,Summer,24.47657295,1.1328,
RC2_0107,YRB,107,T06,Yakima,American River,9,Fall,4,Summer,24.21145651,1.240416,
RC2_0113,YRB,113,T06,Yakima,American River,9,Fall,4,Summer,24.04449455,1.314048,
RC2_0119,YRB,119,T06,Yakima,American River,10,Fall,4,Fall,24.25156446,1.223424,
RC2_0125,YRB,125,T06,Yakima,American River,10,Fall,4,Fall,24.41130589,1.158288,
RC2_0131,YRB,131,T06,Yakima,American River,10,Fall,4,Fall,24.38281275,1.169616,
RC2_0137,YRB,137,T06,Yakima,American River,10,Fall,4,Fall,22.14555934,2.608272,
RC2_0143,YRB,143,T06,Yakima,American River,11,Fall,4,Fall,21.00668316,4.04976,
RC2_0149,YRB,149,T06,Yakima,American River,11,Fall,4,Fall,18.57855109,11.27136,
RC2_0155,YRB,155,T06,Yakima,American River,12,Winter,1,Fall,19.18146744,8.6376,
RC2_0195,YRB,195,T05P,Yakima,Little Naches at Nile,3,Spring,2,Winter,54.26035575,77.225808,
RC2_0201,YRB,201,T05P,Yakima,Little Naches at Nile,3,Spring,2,Winter,56.53299668,54.861504,
RC2_0207,YRB,207,T05P,Yakima,Little Naches at Nile,4,Spring,2,Spring,55.42878833,64.663056,
RC2_0002,YRB,2,T05P,Yakima,Little Naches at Nile,4,Spring,2,Spring,50.86280385,132.36768,
RC2_0008,YRB,8,T05P,Yakima,Little Naches at Nile,4,Spring,2,Spring,51.88158144,112.20384,
RC2_0014,YRB,14,T05P,Yakima,Little Naches at Nile,5,Spring,2,Spring,50.19869473,147.6888,
RC2_0020,YRB,20,T05P,Yakima,Little Naches at Nile,5,Spring,2,Spring,52.31606934,104.67072,
RC2_0026,YRB,26,T05P,Yakima,Little Naches at Nile,5,Spring,2,Spring,51.79891659,113.7048,
RC2_0032,YRB,32,T05P,Yakima,Little Naches at Nile,5,Spring,2,Spring,50.88635995,131.85792,
RC2_0038,YRB,38,T05P,Yakima,Little Naches at Nile,6,Summer,3,Summer,49.23718287,173.51664,
RC2_0044,YRB,44,T05P,Yakima,Little Naches at Nile,6,Summer,3,Summer,53.48371031,87.084,
RC2_0051,YRB,51,T05P,Yakima,Little Naches at Nile,6,Summer,3,Summer,55.25737725,66.35376,
RC2_0056,YRB,56,T05P,Yakima,Little Naches at Nile,6,Summer,3,Summer,53.8991089,81.64656,
RC2_0062,YRB,62,T05P,Yakima,Little Naches at Nile,7,Summer,3,Summer,64.10056724,19.2576,
RC2_0068,YRB,68,T05P,Yakima,Little Naches at Nile,7,Summer,3,Summer,65.62563599,15.83088,
RC2_0077,YRB,77,T05P,Yakima,Little Naches at Nile,7,Summer,3,Summer,66.32092074,14.49984,
RC2_0080,YRB,80,T05P,Yakima,Little Naches at Nile,7,Summer,3,Summer,66.83654532,13.5936,
RC2_0086,YRB,86,T05P,Yakima,Little Naches at Nile,8,Summer,3,Summer,63.74782078,20.16384,
RC2_0092,YRB,92,T05P,Yakima,Little Naches at Nile,8,Summer,3,Summer,63.74782078,20.16384,
RC2_0108,YRB,108,T05P,Yakima,Little Naches at Nile,9,Fall,4,Summer,62.549381,23.61888,
RC2_0114,YRB,114,T05P,Yakima,Little Naches at Nile,9,Fall,4,Summer,63.99950804,19.51248,
RC2_0120,YRB,120,T05P,Yakima,Little Naches at Nile,10,Fall,4,Fall,63.73172374,20.20632,
RC2_0126,YRB,126,T05P,Yakima,Little Naches at Nile,10,Fall,4,Fall,64.19510306,19.022544,
RC2_0132,YRB,132,T05P,Yakima,Little Naches at Nile,10,Fall,4,Fall,70.18474928,9.045408,
RC2_0138,YRB,138,T05P,Yakima,Little Naches at Nile,10,Fall,4,Fall,67.91614508,11.8944,
RC2_0144,YRB,144,T05P,Yakima,Little Naches at Nile,11,Fall,4,Fall,66.11260952,14.884992,
RC2_0150,YRB,150,T05P,Yakima,Little Naches at Nile,11,Fall,4,Fall,54.06132236,79.627344,
RC2_0156,YRB,156,T05P,Yakima,Little Naches at Nile,12,Winter,1,Fall,58.15536058,43.338096,
RC2_0003,YRB,3,T41,Yakima,Naches River Craig Road 1,4,Spring,2,Spring,23.00541749,30.659232,
RC2_0187,YRB,187,T42,Yakima,Naches River Craig Road 2,2,Winter,1,Winter,28.31197293,5.43744,
RC2_0193,YRB,193,T42,Yakima,Naches River Craig Road 2,3,Spring,2,Winter,23.47754806,25.88448,
RC2_0196,YRB,196,T42,Yakima,Naches River Craig Road 2,3,Spring,2,Winter,26.16530277,10.489728,
RC2_0202,YRB,202,T42,Yakima,Naches River Craig Road 2,3,Spring,2,Winter,25.08695741,14.89632,
RC2_0208,YRB,208,T42,Yakima,Naches River Craig Road 2,4,Spring,2,Spring,25.60307123,12.571248,
RC2_0009,YRB,9,T42,Yakima,Naches River Craig Road 2,4,Spring,2,Spring,23.62773146,24.544944,
RC2_0015,YRB,15,T42,Yakima,Naches River Craig Road 2,5,Spring,2,Spring,22.94994648,31.282272,
RC2_0021,YRB,21,T42,Yakima,Naches River Craig Road 2,5,Spring,2,Spring,23.43748958,26.255472,
RC2_0027,YRB,27,T42,Yakima,Naches River Craig Road 2,5,Spring,2,Spring,23.55072921,25.221792,
RC2_0033,YRB,33,T42,Yakima,Naches River Craig Road 2,5,Spring,2,Spring,23.97153248,21.761088,
RC2_0039,YRB,39,T42,Yakima,Naches River Craig Road 2,6,Summer,3,Summer,23.29594772,27.614832,
RC2_0045,YRB,45,T42,Yakima,Naches River Craig Road 2,6,Summer,3,Summer,25.76045282,11.945376,
RC2_0052,YRB,52,T42,Yakima,Naches River Craig Road 2,6,Summer,3,Summer,25.95709112,11.211888,
RC2_0057,YRB,57,T42,Yakima,Naches River Craig Road 2,6,Summer,3,Summer,27.30547396,7.351872,
RC2_0063,YRB,63,T42,Yakima,Naches River Craig Road 2,7,Summer,3,Summer,30.59893805,2.84616,
RC2_0069,YRB,69,T42,Yakima,Naches River Craig Road 2,7,Summer,3,Summer,31.45289813,2.262768,
RC2_0076,YRB,76,T42,Yakima,Naches River Craig Road 2,7,Summer,3,Summer,31.99471851,1.962576,
RC2_0081,YRB,81,T42,Yakima,Naches River Craig Road 2,7,Summer,3,Summer,32.62514469,1.668048,
RC2_0087,YRB,87,T42,Yakima,Naches River Craig Road 2,8,Summer,3,Summer,33.14731211,1.461312,
RC2_0093,YRB,93,T42,Yakima,Naches River Craig Road 2,8,Summer,3,Summer,33.46982545,1.348032,
RC2_0100,YRB,100,T42,Yakima,Naches River Craig Road 2,9,Fall,4,Summer,34.07471397,1.16112,
RC2_0103,YRB,103,T42,Yakima,Naches River Craig Road 2,9,Fall,4,Summer,34.17583095,1.1328,
RC2_0109,YRB,109,T42,Yakima,Naches River Craig Road 2,9,Fall,4,Summer,33.97632224,1.18944,
RC2_0115,YRB,115,T42,Yakima,Naches River Craig Road 2,9,Fall,4,Summer,33.74139861,1.26024,
RC2_0121,YRB,121,T42,Yakima,Naches River Craig Road 2,10,Fall,4,Fall,34.07471397,1.16112,
RC2_0127,YRB,127,T42,Yakima,Naches River Craig Road 2,10,Fall,4,Fall,33.97632224,1.18944,
RC2_0133,YRB,133,T42,Yakima,Naches River Craig Road 2,10,Fall,4,Fall,34.00556188,1.180944,
RC2_0139,YRB,139,T42,Yakima,Naches River Craig Road 2,10,Fall,4,Fall,32.18844762,1.866288,
RC2_0145,YRB,145,T42,Yakima,Naches River Craig Road 2,11,Fall,4,Fall,32.00581688,1.956912,
RC2_0151,YRB,151,T42,Yakima,Naches River Craig Road 2,11,Fall,4,Fall,26.46842342,9.52968,
RC2_0157,YRB,157,T42,Yakima,Naches River Craig Road 2,12,Winter,1,Fall,26.64562338,9.014256,
RC2_0163,YRB,163,T42,Yakima,Naches River Craig Road 2,12,Winter,1,Fall,29.07578987,4.355616,
RC2_0178,YRB,178,T07,Yakima,Yakima at Kiona,1,Winter,1,Winter,185.1143733,89.7744,
RC2_0184,YRB,184,T07,Yakima,Yakima at Kiona,1,Winter,1,Winter,177.3048234,128.5728,
RC2_0190,YRB,190,T07,Yakima,Yakima at Kiona,2,Winter,1,Winter,183.8915933,94.872,
RC2_0191,YRB,191,T07,Yakima,Yakima at Kiona,3,Spring,2,Winter,183.0533762,98.5536,
RC2_0199,YRB,199,T07,Yakima,Yakima at Kiona,3,Spring,2,Winter,170.6980999,176.4336,
RC2_0205,YRB,205,T07,Yakima,Yakima at Kiona,3,Spring,2,Winter,178.8668087,119.5104,
RC2_0211,YRB,211,T07,Yakima,Yakima at Kiona,4,Spring,2,Spring,175.517336,139.9008,
RC2_0006,YRB,6,T07,Yakima,Yakima at Kiona,4,Spring,2,Spring,169.5204046,186.912,
RC2_0012,YRB,12,T07,Yakima,Yakima at Kiona,4,Spring,2,Spring,174.6020299,146.1312,
RC2_0018,YRB,18,T07,Yakima,Yakima at Kiona,5,Spring,2,Spring,176.2121722,135.3696,
RC2_0024,YRB,24,T07,Yakima,Yakima at Kiona,5,Spring,2,Spring,188.1350357,78.4464,
RC2_0030,YRB,30,T07,Yakima,Yakima at Kiona,5,Spring,2,Spring,177.6834874,126.3072,
RC2_0036,YRB,36,T07,Yakima,Yakima at Kiona,5,Spring,2,Spring,179.1744388,117.8112,
RC2_0042,YRB,42,T07,Yakima,Yakima at Kiona,6,Summer,3,Summer,182.0686142,103.0848,
RC2_0048,YRB,48,T07,Yakima,Yakima at Kiona,6,Summer,3,Summer,200.7928053,45.5952,
RC2_0054,YRB,54,T07,Yakima,Yakima at Kiona,6,Summer,3,Summer,182.7402808,99.9696,
RC2_0060,YRB,60,T07,Yakima,Yakima at Kiona,6,Summer,3,Summer,189.3095673,74.4816,
RC2_0066,YRB,66,T07,Yakima,Yakima at Kiona,7,Summer,3,Summer,216.7277395,24.12864,
RC2_0072,YRB,72,T07,Yakima,Yakima at Kiona,7,Summer,3,Summer,221.4469246,20.16384,
RC2_0073,YRB,73,T07,Yakima,Yakima at Kiona,7,Summer,3,Summer,226.5906438,16.65216,
RC2_0084,YRB,84,T07,Yakima,Yakima at Kiona,7,Summer,3,Summer,225.9517314,17.04864,
RC2_0090,YRB,90,T07,Yakima,Yakima at Kiona,8,Summer,3,Summer,223.7164518,18.52128,
RC2_0096,YRB,96,T07,Yakima,Yakima at Kiona,8,Summer,3,Summer,209.9560991,31.4352,
RC2_0097,YRB,97,T07,Yakima,Yakima at Kiona,9,Fall,4,Summer,201.710009,43.896,
RC2_0106,YRB,106,T07,Yakima,Yakima at Kiona,9,Fall,4,Summer,194.4916395,59.472,
RC2_0112,YRB,112,T07,Yakima,Yakima at Kiona,9,Fall,4,Summer,202.1836451,43.0464,
RC2_0118,YRB,118,T07,Yakima,Yakima at Kiona,9,Fall,4,Summer,201.5544081,44.1792,
RC2_0124,YRB,124,T07,Yakima,Yakima at Kiona,10,Fall,4,Fall,215.1353953,25.65792,
RC2_0130,YRB,130,T07,Yakima,Yakima at Kiona,10,Fall,4,Fall,215.5088342,25.28976,
RC2_0136,YRB,136,T07,Yakima,Yakima at Kiona,10,Fall,4,Fall,193.1990095,62.8704,
RC2_0142,YRB,142,T07,Yakima,Yakima at Kiona,10,Fall,4,Fall,194.8277482,58.6224,
RC2_0148,YRB,148,T07,Yakima,Yakima at Kiona,11,Fall,4,Fall,194.9409985,58.3392,
RC2_0154,YRB,154,T07,Yakima,Yakima at Kiona,11,Fall,4,Fall,165.3317974,230.2416,
RC2_0160,YRB,160,T07,Yakima,Yakima at Kiona,12,Winter,1,Fall,172.4927792,161.7072,
RC2_0166,YRB,166,T07,Yakima,Yakima at Kiona,12,Winter,1,Fall,183.9575753,94.5888,
RC2_0167,YRB,167,T07,Yakima,Yakima at Kiona,12,Winter,1,Fall,193.7278615,61.4544,
RC2_0177,YRB,177,T02,Yakima,Yakima at Mabton,1,Winter,1,Winter,165.3661061,89.208,
RC2_0183,YRB,183,T02,Yakima,Yakima at Mabton,1,Winter,1,Winter,162.203253,104.784,
RC2_0189,YRB,189,T02,Yakima,Yakima at Mabton,2,Winter,1,Winter,167.8643183,78.7296,
RC2_0192,YRB,192,T02,Yakima,Yakima at Mabton,3,Spring,2,Winter,161.5324997,108.4656,
RC2_0198,YRB,198,T02,Yakima,Yakima at Mabton,3,Spring,2,Winter,154.7016997,155.4768,
RC2_0204,YRB,204,T02,Yakima,Yakima at Mabton,3,Spring,2,Winter,162.0461461,105.6336,
RC2_0210,YRB,210,T02,Yakima,Yakima at Mabton,4,Spring,2,Spring,159.3043196,121.776,
RC2_0005,YRB,5,T02,Yakima,Yakima at Mabton,4,Spring,2,Spring,153.7171554,163.9728,
RC2_0011,YRB,11,T02,Yakima,Yakima at Mabton,4,Spring,2,Spring,156.4470456,141.6,
RC2_0017,YRB,17,T02,Yakima,Yakima at Mabton,5,Spring,2,Spring,157.8970615,131.1216,
RC2_0023,YRB,23,T02,Yakima,Yakima at Mabton,5,Spring,2,Spring,167.4347376,80.4288,
RC2_0029,YRB,29,T02,Yakima,Yakima at Mabton,5,Spring,2,Spring,160.358667,115.2624,
RC2_0035,YRB,35,T02,Yakima,Yakima at Mabton,5,Spring,2,Spring,159.8463091,118.3776,
RC2_0041,YRB,41,T02,Yakima,Yakima at Mabton,6,Summer,3,Summer,161.0828996,111.0144,
RC2_0049,YRB,49,T02,Yakima,Yakima at Mabton,6,Summer,3,Summer,163.8574895,96.288,
RC2_0059,YRB,59,T02,Yakima,Yakima at Mabton,6,Summer,3,Summer,168.9853583,74.4816,
RC2_0065,YRB,65,T02,Yakima,Yakima at Mabton,7,Summer,3,Summer,188.6692186,29.736,
RC2_0071,YRB,71,T02,Yakima,Yakima at Mabton,7,Summer,3,Summer,190.9970969,26.84736,
RC2_0074,YRB,74,T02,Yakima,Yakima at Mabton,7,Summer,3,Summer,190.0060997,28.0368,
RC2_0083,YRB,83,T02,Yakima,Yakima at Mabton,7,Summer,3,Summer,186.2350686,33.1344,
RC2_0089,YRB,89,T02,Yakima,Yakima at Mabton,8,Summer,3,Summer,186.044967,33.4176,
RC2_0095,YRB,95,T02,Yakima,Yakima at Mabton,8,Summer,3,Summer,180.4772796,43.0464,
RC2_0098,YRB,98,T02,Yakima,Yakima at Mabton,9,Fall,4,Summer,181.0557663,41.9136,
RC2_0105,YRB,105,T02,Yakima,Yakima at Mabton,9,Fall,4,Summer,175.9319939,53.2416,
RC2_0111,YRB,111,T02,Yakima,Yakima at Mabton,9,Fall,4,Summer,179.9155972,44.1792,
RC2_0117,YRB,117,T02,Yakima,Yakima at Mabton,9,Fall,4,Summer,178.1957583,47.8608,
RC2_0123,YRB,123,T02,Yakima,Yakima at Mabton,10,Fall,4,Fall,184.0657571,36.5328,
RC2_0129,YRB,129,T02,Yakima,Yakima at Mabton,10,Fall,4,Fall,184.4112111,35.9664,
RC2_0135,YRB,135,T02,Yakima,Yakima at Mabton,10,Fall,4,Fall,173.611085,59.472,
RC2_0141,YRB,141,T02,Yakima,Yakima at Mabton,10,Fall,4,Fall,174.9475317,55.7904,
RC2_0147,YRB,147,T02,Yakima,Yakima at Mabton,11,Fall,4,Fall,174.9475317,55.7904,
RC2_0153,YRB,153,T02,Yakima,Yakima at Mabton,11,Fall,4,Fall,148.1360024,223.1616,
RC2_0159,YRB,159,T02,Yakima,Yakima at Mabton,12,Winter,1,Fall,157.6129957,133.104,
RC2_0165,YRB,165,T02,Yakima,Yakima at Mabton,12,Winter,1,Fall,173.611085,59.472,
RC2_0179,YRB,179,T03,Yakima,Yakima at Union Gap,1,Winter,1,Winter,112.2664675,89.7744,
RC2_0188,YRB,188,T03,Yakima,Yakima at Union Gap,2,Winter,1,Winter,111.3661498,96.0048,
RC2_0194,YRB,194,T03,Yakima,Yakima at Union Gap,3,Spring,2,Winter,101.473311,208.4352,
RC2_0197,YRB,197,T03,Yakima,Yakima at Union Gap,3,Spring,2,Winter,107.0842073,133.104,
RC2_0203,YRB,203,T03,Yakima,Yakima at Union Gap,3,Spring,2,Winter,109.3416234,111.864,
RC2_0209,YRB,209,T03,Yakima,Yakima at Union Gap,4,Spring,2,Spring,107.8471622,125.4576,
RC2_0004,YRB,4,T03,Yakima,Yakima at Union Gap,4,Spring,2,Spring,102.3336054,194.2752,
RC2_0010,YRB,10,T03,Yakima,Yakima at Union Gap,4,Spring,2,Spring,101.7243533,204.1872,
RC2_0016,YRB,16,T03,Yakima,Yakima at Union Gap,5,Spring,2,Spring,101.4402722,209.0016,
RC2_0022,YRB,22,T03,Yakima,Yakima at Union Gap,5,Spring,2,Spring,106.3945466,140.4672,
RC2_0028,YRB,28,T03,Yakima,Yakima at Union Gap,5,Spring,2,Spring,104.3941189,164.5392,
RC2_0034,YRB,34,T03,Yakima,Yakima at Union Gap,5,Spring,2,Spring,101.741297,203.904,
RC2_0040,YRB,40,T03,Yakima,Yakima at Union Gap,6,Summer,3,Summer,100.9879873,216.9312,
RC2_0046,YRB,46,T03,Yakima,Yakima at Union Gap,6,Summer,3,Summer,109.0464183,114.4128,
RC2_0053,YRB,53,T03,Yakima,Yakima at Union Gap,6,Summer,3,Summer,105.1292345,155.1936,
RC2_0058,YRB,58,T03,Yakima,Yakima at Union Gap,6,Summer,3,Summer,105.2449315,153.7776,
RC2_0064,YRB,64,T03,Yakima,Yakima at Union Gap,7,Summer,3,Summer,109.5426435,110.1648,
RC2_0070,YRB,70,T03,Yakima,Yakima at Union Gap,7,Summer,3,Summer,110.4557615,102.8016,
RC2_0075,YRB,75,T03,Yakima,Yakima at Union Gap,7,Summer,3,Summer,110.0607776,105.9168,
RC2_0082,YRB,82,T03,Yakima,Yakima at Union Gap,7,Summer,3,Summer,110.6397552,101.3856,
RC2_0088,YRB,88,T03,Yakima,Yakima at Union Gap,8,Summer,3,Summer,111.1319354,97.704,
RC2_0094,YRB,94,T03,Yakima,Yakima at Union Gap,8,Summer,3,Summer,110.9783128,98.8368,
RC2_0099,YRB,99,T03,Yakima,Yakima at Union Gap,9,Fall,4,Summer,114.1479403,78.1632,
RC2_0104,YRB,104,T03,Yakima,Yakima at Union Gap,9,Fall,4,Summer,115.5668425,70.5168,
RC2_0110,YRB,110,T03,Yakima,Yakima at Union Gap,9,Fall,4,Summer,117.6209151,60.888,
RC2_0116,YRB,116,T03,Yakima,Yakima at Union Gap,9,Fall,4,Summer,119.9176305,51.8256,
RC2_0122,YRB,122,T03,Yakima,Yakima at Union Gap,10,Fall,4,Fall,120.3169375,50.4096,
RC2_0128,YRB,128,T03,Yakima,Yakima at Union Gap,10,Fall,4,Fall,120.8130242,48.7104,
RC2_0134,YRB,134,T03,Yakima,Yakima at Union Gap,10,Fall,4,Fall,123.0115139,41.9136,
RC2_0140,YRB,140,T03,Yakima,Yakima at Union Gap,10,Fall,4,Fall,122.1431767,44.4624,
RC2_0146,YRB,146,T03,Yakima,Yakima at Union Gap,11,Fall,4,Fall,121.5054918,46.4448,
RC2_0152,YRB,152,T03,Yakima,Yakima at Union Gap,11,Fall,4,Fall,105.3383515,152.6448,
RC2_0158,YRB,158,T03,Yakima,Yakima at Union Gap,12,Winter,1,Fall,109.7128312,108.7488,
RC2_0164,YRB,164,T03,Yakima,Yakima at Union Gap,12,Winter,1,Fall,117.1695636,62.8704,
